Name,Category,Address,Phone Number
Brigham and Women's Hospital,Hospital,75 Francis Street,617-732-5500
Boston Medical Center,Hospital,1 Boston Medical Center,617-638-8000
Animal Rescue League of Boston,Animal,10 Chandler St,617-426-9170
New England Aquarium,Animal,1 Central Wharf,617-973-5200
Alliance for Animals,Animal,232 Silver St,617-268-7800
The Greater Boston Food Bank,Food Insecurity,70 S Bay Ave,617-427-5200
El Buen Samaritano,Food Insecurity ,39 Piedmont St.,774-253-1619
Fresh Truck,Food Insecurity,57 Magazine St.,617-297-7685
New England Center and Home For Veterans,Veterans,17 Court St,617-371-1800
West Roxbury VAMC Campus,Veterans,1400 VFW Pkwy,857-203-5135
Jamaica Plain VAMC Campus,Veterans,150 S Huntington Ave,857-364-4112
The Boston Home,Retirement Homes,2049 Dorchester Ave,617-825-3905
FriendshipWorks,Retirement Homes,105 Chauncy St,617-482-1510
NewBridge on the Charles,Retirement Homes,5000 Great Meadow Road,781-234-9500
826 Boston,Peer Tutoring,3035 Washington St,617-442-5400
Boston Partners in Education,Peer Tutoring,192 South St #600,617-451-6145
Cambridge School of Volunteers,Peer Tutoring,459 Broadway Ct,617-349-6794
Boston Medical Center,Neurodiverse Mentorship,1 Boston Medical Center,617-414-3842
Partners for Youth and Disabilities,Neurodiverse Mentorship,89 South St Suite 103,617-556-4075